pos.exposure,beta.exposure,se.exposure,samplesize.exposure,pval.exposure,adjust.pval.exposure,chr.exposure,id.exposure,SNP,effect_allele.exposure,other_allele.exposure,eaf.exposure,exposure,mr_keep.exposure,pval_origin.exposure,data_source.exposure
229176589,0.3625,0.0784,NA,3.78E-06,4.39E-06,1,finn-b-I9_ATHSCLE,rs115727599,T,G,0.01547, || id:finn-b-I9_ATHSCLE,TRUE,reported,igd
59691884,-0.1141,0.0248,NA,4.02E-06,4.39E-06,2,finn-b-I9_ATHSCLE,rs1012570,T,C,0.8182, || id:finn-b-I9_ATHSCLE,TRUE,reported,igd
28017987,0.387,0.0835,NA,3.59E-06,4.39E-06,3,finn-b-I9_ATHSCLE,rs17020710,A,G,0.01356, || id:finn-b-I9_ATHSCLE,TRUE,reported,igd
108825053,0.451,0.0982,NA,4.39E-06,4.39E-06,4,finn-b-I9_ATHSCLE,rs13115229,G,T,0.01029, || id:finn-b-I9_ATHSCLE,TRUE,reported,igd
159136348,0.1425,0.0286,NA,6.31E-07,1.57E-06,5,finn-b-I9_ATHSCLE,rs13179238,A,G,0.1359, || id:finn-b-I9_ATHSCLE,TRUE,reported,igd
69960612,0.4194,0.0872,NA,1.52E-06,2.66E-06,6,finn-b-I9_ATHSCLE,rs117913648,T,C,0.01233, || id:finn-b-I9_ATHSCLE,TRUE,reported,igd
160985526,0.2278,0.0458,NA,6.72E-07,1.57E-06,6,finn-b-I9_ATHSCLE,rs118039278,A,G,0.04578, || id:finn-b-I9_ATHSCLE,TRUE,reported,igd
32340070,0.1266,0.022,NA,9.19E-09,1.29E-07,6,finn-b-I9_ATHSCLE,rs1980496,T,C,0.2972, || id:finn-b-I9_ATHSCLE,TRUE,reported,igd
160922870,0.4339,0.092,NA,2.40E-06,3.63E-06,6,finn-b-I9_ATHSCLE,rs117733303,G,A,0.01128, || id:finn-b-I9_ATHSCLE,TRUE,reported,igd
31329386,0.1133,0.0209,NA,5.54E-08,2.99E-07,6,finn-b-I9_ATHSCLE,rs2596546,G,A,0.349, || id:finn-b-I9_ATHSCLE,TRUE,reported,igd
52431950,0.6649,0.1214,NA,4.26E-08,2.99E-07,7,finn-b-I9_ATHSCLE,rs143447746,T,C,0.006936, || id:finn-b-I9_ATHSCLE,TRUE,reported,igd
19049388,0.1242,0.0241,NA,2.66E-07,9.31E-07,7,finn-b-I9_ATHSCLE,rs2107595,A,G,0.1942, || id:finn-b-I9_ATHSCLE,TRUE,reported,igd
131477594,-0.1287,0.028,NA,4.18E-06,4.39E-06,8,finn-b-I9_ATHSCLE,rs12543983,T,A,0.1377, || id:finn-b-I9_ATHSCLE,TRUE,reported,igd
126500031,-0.0917,0.0195,NA,2.46E-06,3.63E-06,8,finn-b-I9_ATHSCLE,rs28601761,G,C,0.4123, || id:finn-b-I9_ATHSCLE,TRUE,reported,igd
24297795,-0.1205,0.0244,NA,7.73E-07,1.66E-06,8,finn-b-I9_ATHSCLE,rs7002081,G,T,0.8056, || id:finn-b-I9_ATHSCLE,TRUE,reported,igd
110877178,0.7997,0.1479,NA,6.40E-08,2.99E-07,8,finn-b-I9_ATHSCLE,rs117972249,T,G,0.004834, || id:finn-b-I9_ATHSCLE,TRUE,reported,igd
27069285,-0.1074,0.0225,NA,1.88E-06,3.10E-06,9,finn-b-I9_ATHSCLE,rs7872477,G,T,0.239, || id:finn-b-I9_ATHSCLE,TRUE,reported,igd
22072301,0.1542,0.0192,NA,1.11E-15,3.11E-14,9,finn-b-I9_ATHSCLE,rs9632884,C,G,0.4352, || id:finn-b-I9_ATHSCLE,TRUE,reported,igd
98393867,-0.2006,0.0415,NA,1.36E-06,2.54E-06,13,finn-b-I9_ATHSCLE,rs117772502,A,G,0.058, || id:finn-b-I9_ATHSCLE,TRUE,reported,igd
69459332,0.4024,0.0807,NA,6.06E-07,1.57E-06,15,finn-b-I9_ATHSCLE,rs191113889,G,A,0.0147, || id:finn-b-I9_ATHSCLE,TRUE,reported,igd
78906177,0.1093,0.0204,NA,8.02E-08,3.21E-07,15,finn-b-I9_ATHSCLE,rs146009840,T,A,0.3316, || id:finn-b-I9_ATHSCLE,TRUE,reported,igd
12711091,0.2271,0.0488,NA,3.30E-06,4.39E-06,16,finn-b-I9_ATHSCLE,rs7199607,G,C,0.04068, || id:finn-b-I9_ATHSCLE,TRUE,reported,igd
81541175,-0.0935,0.0202,NA,3.82E-06,4.39E-06,16,finn-b-I9_ATHSCLE,rs7198696,A,G,0.3388, || id:finn-b-I9_ATHSCLE,TRUE,reported,igd
69552512,-0.1354,0.0278,NA,1.08E-06,2.16E-06,16,finn-b-I9_ATHSCLE,rs4783580,T,C,0.8574, || id:finn-b-I9_ATHSCLE,TRUE,reported,igd
88510294,-0.1002,0.0218,NA,4.30E-06,4.39E-06,16,finn-b-I9_ATHSCLE,rs7197029,C,T,0.2711, || id:finn-b-I9_ATHSCLE,TRUE,reported,igd
41809207,0.3107,0.0574,NA,6.16E-08,2.99E-07,17,finn-b-I9_ATHSCLE,rs145947882,C,A,0.02995, || id:finn-b-I9_ATHSCLE,TRUE,reported,igd
74637067,0.1,0.0197,NA,3.86E-07,1.20E-06,18,finn-b-I9_ATHSCLE,rs3752075,C,T,0.3887, || id:finn-b-I9_ATHSCLE,TRUE,reported,igd
23736452,-0.1636,0.0355,NA,4.08E-06,4.39E-06,20,finn-b-I9_ATHSCLE,rs11699116,G,A,0.0805, || id:finn-b-I9_ATHSCLE,TRUE,reported,igd
