SNP,effect_allele.exposure,other_allele.exposure,effect_allele.outcome,other_allele.outcome,beta.exposure,beta.outcome,eaf.exposure,eaf.outcome,remove,palindromic,ambiguous,id.outcome,chr,pos,se.outcome,samplesize.outcome,pval.outcome,outcome,originalname.outcome,outcome.deprecated,mr_keep.outcome,data_source.outcome,pos.exposure,se.exposure,samplesize.exposure,pval.exposure,chr.exposure,id.exposure,exposure,mr_keep.exposure,pval_origin.exposure,data_source.exposure,action,mr_keep
rs9632884,C,G,C,G,0.1542,0.0268595,0.4352,NA,FALSE,TRUE,TRUE,ebi-a-GCST90016936,9,22072301,0.0122647,14306,0.027503,Gut microbiota abundance (family Enterobacteriaceae id.3469) || id:ebi-a-GCST90016936,Gut microbiota abundance (family Enterobacteriaceae id.3469),Gut microbiota abundance (family Enterobacteriaceae id.3469) ||  || ,TRUE,igd,22072301,0.0192,NA,1.89E-14,9,finn-b-I9_ATHSCLE, || id:finn-b-I9_ATHSCLE,TRUE,reported,igd,2,FALSE
rs1980496,T,C,T,C,0.1266,0.00408636,0.2972,NA,FALSE,FALSE,FALSE,ebi-a-GCST90016936,6,32340070,0.0129018,14306,0.771212,Gut microbiota abundance (family Enterobacteriaceae id.3469) || id:ebi-a-GCST90016936,Gut microbiota abundance (family Enterobacteriaceae id.3469),Gut microbiota abundance (family Enterobacteriaceae id.3469) ||  || ,TRUE,igd,32340070,0.022,NA,7.81E-08,6,finn-b-I9_ATHSCLE, || id:finn-b-I9_ATHSCLE,TRUE,reported,igd,2,TRUE
rs2596546,G,A,G,A,0.1133,0.017952,0.349,NA,FALSE,FALSE,FALSE,ebi-a-GCST90016936,6,31329386,0.012954,14306,0.182786,Gut microbiota abundance (family Enterobacteriaceae id.3469) || id:ebi-a-GCST90016936,Gut microbiota abundance (family Enterobacteriaceae id.3469),Gut microbiota abundance (family Enterobacteriaceae id.3469) ||  || ,TRUE,igd,31329386,0.0209,NA,3.14E-07,6,finn-b-I9_ATHSCLE, || id:finn-b-I9_ATHSCLE,TRUE,reported,igd,2,TRUE
rs146009840,T,A,T,A,0.1093,0.00687895,0.3316,NA,FALSE,TRUE,TRUE,ebi-a-GCST90016936,15,78906177,0.0132878,14306,0.666503,Gut microbiota abundance (family Enterobacteriaceae id.3469) || id:ebi-a-GCST90016936,Gut microbiota abundance (family Enterobacteriaceae id.3469),Gut microbiota abundance (family Enterobacteriaceae id.3469) ||  || ,TRUE,igd,78906177,0.0204,NA,3.41E-07,15,finn-b-I9_ATHSCLE, || id:finn-b-I9_ATHSCLE,TRUE,reported,igd,2,FALSE
rs2107595,A,G,A,G,0.1242,0.00100358,0.1942,NA,FALSE,FALSE,FALSE,ebi-a-GCST90016936,7,19049388,0.0159487,14306,0.947419,Gut microbiota abundance (family Enterobacteriaceae id.3469) || id:ebi-a-GCST90016936,Gut microbiota abundance (family Enterobacteriaceae id.3469),Gut microbiota abundance (family Enterobacteriaceae id.3469) ||  || ,TRUE,igd,19049388,0.0241,NA,9.04E-07,7,finn-b-I9_ATHSCLE, || id:finn-b-I9_ATHSCLE,TRUE,reported,igd,2,TRUE
rs3752075,C,T,C,T,0.1,-0.0108721,0.3887,NA,FALSE,FALSE,FALSE,ebi-a-GCST90016936,18,74637067,0.0126098,14306,0.340948,Gut microbiota abundance (family Enterobacteriaceae id.3469) || id:ebi-a-GCST90016936,Gut microbiota abundance (family Enterobacteriaceae id.3469),Gut microbiota abundance (family Enterobacteriaceae id.3469) ||  || ,TRUE,igd,74637067,0.0197,NA,1.09E-06,18,finn-b-I9_ATHSCLE, || id:finn-b-I9_ATHSCLE,TRUE,reported,igd,2,TRUE
rs13179238,A,G,A,G,0.1425,0.0107177,0.1359,NA,FALSE,FALSE,FALSE,ebi-a-GCST90016936,5,159136348,0.0224407,14306,0.64886,Gut microbiota abundance (family Enterobacteriaceae id.3469) || id:ebi-a-GCST90016936,Gut microbiota abundance (family Enterobacteriaceae id.3469),Gut microbiota abundance (family Enterobacteriaceae id.3469) ||  || ,TRUE,igd,159136348,0.0286,NA,1.43E-06,5,finn-b-I9_ATHSCLE, || id:finn-b-I9_ATHSCLE,TRUE,reported,igd,2,TRUE
rs118039278,A,G,A,G,0.2278,0.0306519,0.04578,NA,FALSE,FALSE,FALSE,ebi-a-GCST90016936,6,160985526,0.0264723,14306,0.252091,Gut microbiota abundance (family Enterobacteriaceae id.3469) || id:ebi-a-GCST90016936,Gut microbiota abundance (family Enterobacteriaceae id.3469),Gut microbiota abundance (family Enterobacteriaceae id.3469) ||  || ,TRUE,igd,160985526,0.0458,NA,1.43E-06,6,finn-b-I9_ATHSCLE, || id:finn-b-I9_ATHSCLE,TRUE,reported,igd,2,TRUE
rs7002081,G,T,G,T,-0.1205,-0.0200704,0.8056,NA,FALSE,FALSE,FALSE,ebi-a-GCST90016936,8,24297795,0.0173647,14306,0.292074,Gut microbiota abundance (family Enterobacteriaceae id.3469) || id:ebi-a-GCST90016936,Gut microbiota abundance (family Enterobacteriaceae id.3469),Gut microbiota abundance (family Enterobacteriaceae id.3469) ||  || ,TRUE,igd,24297795,0.0244,NA,1.46E-06,8,finn-b-I9_ATHSCLE, || id:finn-b-I9_ATHSCLE,TRUE,reported,igd,2,TRUE
rs117772502,A,G,A,G,-0.2006,-0.0120898,0.058,NA,FALSE,FALSE,FALSE,ebi-a-GCST90016936,13,98393867,0.0225309,14306,0.585159,Gut microbiota abundance (family Enterobacteriaceae id.3469) || id:ebi-a-GCST90016936,Gut microbiota abundance (family Enterobacteriaceae id.3469),Gut microbiota abundance (family Enterobacteriaceae id.3469) ||  || ,TRUE,igd,98393867,0.0415,NA,2.31E-06,13,finn-b-I9_ATHSCLE, || id:finn-b-I9_ATHSCLE,TRUE,reported,igd,2,TRUE
rs7872477,G,T,G,T,-0.1074,-0.0358276,0.239,NA,FALSE,FALSE,FALSE,ebi-a-GCST90016936,9,27069285,0.0154938,14306,0.0234833,Gut microbiota abundance (family Enterobacteriaceae id.3469) || id:ebi-a-GCST90016936,Gut microbiota abundance (family Enterobacteriaceae id.3469),Gut microbiota abundance (family Enterobacteriaceae id.3469) ||  || ,TRUE,igd,27069285,0.0225,NA,2.91E-06,9,finn-b-I9_ATHSCLE, || id:finn-b-I9_ATHSCLE,TRUE,reported,igd,2,TRUE
rs28601761,G,C,G,C,-0.0917,-0.0138919,0.4123,NA,FALSE,TRUE,TRUE,ebi-a-GCST90016936,8,126500031,0.0123835,14306,0.25611,Gut microbiota abundance (family Enterobacteriaceae id.3469) || id:ebi-a-GCST90016936,Gut microbiota abundance (family Enterobacteriaceae id.3469),Gut microbiota abundance (family Enterobacteriaceae id.3469) ||  || ,TRUE,igd,126500031,0.0195,NA,3.49E-06,8,finn-b-I9_ATHSCLE, || id:finn-b-I9_ATHSCLE,TRUE,reported,igd,2,FALSE
rs7198696,A,G,A,G,-0.0935,-0.0136104,0.3388,NA,FALSE,FALSE,FALSE,ebi-a-GCST90016936,16,81541175,0.0126488,14306,0.282489,Gut microbiota abundance (family Enterobacteriaceae id.3469) || id:ebi-a-GCST90016936,Gut microbiota abundance (family Enterobacteriaceae id.3469),Gut microbiota abundance (family Enterobacteriaceae id.3469) ||  || ,TRUE,igd,81541175,0.0202,NA,4.30E-06,16,finn-b-I9_ATHSCLE, || id:finn-b-I9_ATHSCLE,TRUE,reported,igd,2,TRUE
rs1012570,T,C,T,C,-0.1141,0.0107616,0.8182,NA,FALSE,FALSE,FALSE,ebi-a-GCST90016936,2,59691884,0.0181096,14306,0.658532,Gut microbiota abundance (family Enterobacteriaceae id.3469) || id:ebi-a-GCST90016936,Gut microbiota abundance (family Enterobacteriaceae id.3469),Gut microbiota abundance (family Enterobacteriaceae id.3469) ||  || ,TRUE,igd,59691884,0.0248,NA,4.30E-06,2,finn-b-I9_ATHSCLE, || id:finn-b-I9_ATHSCLE,TRUE,reported,igd,2,TRUE
rs11699116,G,A,G,A,-0.1636,-0.00576449,0.0805,NA,FALSE,FALSE,FALSE,ebi-a-GCST90016936,20,23736452,0.0242482,14306,0.826139,Gut microbiota abundance (family Enterobacteriaceae id.3469) || id:ebi-a-GCST90016936,Gut microbiota abundance (family Enterobacteriaceae id.3469),Gut microbiota abundance (family Enterobacteriaceae id.3469) ||  || ,TRUE,igd,23736452,0.0355,NA,4.30E-06,20,finn-b-I9_ATHSCLE, || id:finn-b-I9_ATHSCLE,TRUE,reported,igd,2,TRUE
rs12543983,T,A,T,A,-0.1287,-0.00268318,0.1377,NA,FALSE,TRUE,TRUE,ebi-a-GCST90016936,8,131477594,0.0166638,14306,0.879334,Gut microbiota abundance (family Enterobacteriaceae id.3469) || id:ebi-a-GCST90016936,Gut microbiota abundance (family Enterobacteriaceae id.3469),Gut microbiota abundance (family Enterobacteriaceae id.3469) ||  || ,TRUE,igd,131477594,0.028,NA,4.30E-06,8,finn-b-I9_ATHSCLE, || id:finn-b-I9_ATHSCLE,TRUE,reported,igd,2,FALSE
rs7197029,C,T,C,T,-0.1002,-0.00365322,0.2711,NA,FALSE,FALSE,FALSE,ebi-a-GCST90016936,16,88510294,0.0127575,14306,0.810878,Gut microbiota abundance (family Enterobacteriaceae id.3469) || id:ebi-a-GCST90016936,Gut microbiota abundance (family Enterobacteriaceae id.3469),Gut microbiota abundance (family Enterobacteriaceae id.3469) ||  || ,TRUE,igd,88510294,0.0218,NA,4.30E-06,16,finn-b-I9_ATHSCLE, || id:finn-b-I9_ATHSCLE,TRUE,reported,igd,2,TRUE
rs9632884,C,G,C,G,0.1542,0.00266563,0.4352,NA,FALSE,TRUE,TRUE,ebi-a-GCST90016978,9,22072301,0.011177,14306,0.875155,Gut microbiota abundance (genus Christensenellaceae R 7group id.11283) || id:ebi-a-GCST90016978,Gut microbiota abundance (genus Christensenellaceae R 7group id.11283),Gut microbiota abundance (genus Christensenellaceae R 7group id.11283) ||  || ,TRUE,igd,22072301,0.0192,NA,1.89E-14,9,finn-b-I9_ATHSCLE, || id:finn-b-I9_ATHSCLE,TRUE,reported,igd,2,FALSE
rs1980496,T,C,T,C,0.1266,0.0170672,0.2972,NA,FALSE,FALSE,FALSE,ebi-a-GCST90016978,6,32340070,0.0117129,14306,0.154013,Gut microbiota abundance (genus Christensenellaceae R 7group id.11283) || id:ebi-a-GCST90016978,Gut microbiota abundance (genus Christensenellaceae R 7group id.11283),Gut microbiota abundance (genus Christensenellaceae R 7group id.11283) ||  || ,TRUE,igd,32340070,0.022,NA,7.81E-08,6,finn-b-I9_ATHSCLE, || id:finn-b-I9_ATHSCLE,TRUE,reported,igd,2,TRUE
rs2596546,G,A,G,A,0.1133,0.0192443,0.349,NA,FALSE,FALSE,FALSE,ebi-a-GCST90016978,6,31329386,0.0118103,14306,0.098828,Gut microbiota abundance (genus Christensenellaceae R 7group id.11283) || id:ebi-a-GCST90016978,Gut microbiota abundance (genus Christensenellaceae R 7group id.11283),Gut microbiota abundance (genus Christensenellaceae R 7group id.11283) ||  || ,TRUE,igd,31329386,0.0209,NA,3.14E-07,6,finn-b-I9_ATHSCLE, || id:finn-b-I9_ATHSCLE,TRUE,reported,igd,2,TRUE
rs146009840,T,A,T,A,0.1093,0.00271001,0.3316,NA,FALSE,TRUE,TRUE,ebi-a-GCST90016978,15,78906177,0.0120279,14306,0.933064,Gut microbiota abundance (genus Christensenellaceae R 7group id.11283) || id:ebi-a-GCST90016978,Gut microbiota abundance (genus Christensenellaceae R 7group id.11283),Gut microbiota abundance (genus Christensenellaceae R 7group id.11283) ||  || ,TRUE,igd,78906177,0.0204,NA,3.41E-07,15,finn-b-I9_ATHSCLE, || id:finn-b-I9_ATHSCLE,TRUE,reported,igd,2,FALSE
rs2107595,A,G,A,G,0.1242,-0.000201532,0.1942,NA,FALSE,FALSE,FALSE,ebi-a-GCST90016978,7,19049388,0.0146115,14306,0.9599,Gut microbiota abundance (genus Christensenellaceae R 7group id.11283) || id:ebi-a-GCST90016978,Gut microbiota abundance (genus Christensenellaceae R 7group id.11283),Gut microbiota abundance (genus Christensenellaceae R 7group id.11283) ||  || ,TRUE,igd,19049388,0.0241,NA,9.04E-07,7,finn-b-I9_ATHSCLE, || id:finn-b-I9_ATHSCLE,TRUE,reported,igd,2,TRUE
rs3752075,C,T,C,T,0.1,-0.00555957,0.3887,NA,FALSE,FALSE,FALSE,ebi-a-GCST90016978,18,74637067,0.0114575,14306,0.699584,Gut microbiota abundance (genus Christensenellaceae R 7group id.11283) || id:ebi-a-GCST90016978,Gut microbiota abundance (genus Christensenellaceae R 7group id.11283),Gut microbiota abundance (genus Christensenellaceae R 7group id.11283) ||  || ,TRUE,igd,74637067,0.0197,NA,1.09E-06,18,finn-b-I9_ATHSCLE, || id:finn-b-I9_ATHSCLE,TRUE,reported,igd,2,TRUE
rs13179238,A,G,A,G,0.1425,0.0332209,0.1359,NA,FALSE,FALSE,FALSE,ebi-a-GCST90016978,5,159136348,0.0205895,14306,0.096414,Gut microbiota abundance (genus Christensenellaceae R 7group id.11283) || id:ebi-a-GCST90016978,Gut microbiota abundance (genus Christensenellaceae R 7group id.11283),Gut microbiota abundance (genus Christensenellaceae R 7group id.11283) ||  || ,TRUE,igd,159136348,0.0286,NA,1.43E-06,5,finn-b-I9_ATHSCLE, || id:finn-b-I9_ATHSCLE,TRUE,reported,igd,2,TRUE
rs118039278,A,G,A,G,0.2278,0.026725,0.04578,NA,FALSE,FALSE,FALSE,ebi-a-GCST90016978,6,160985526,0.0239979,14306,0.267066,Gut microbiota abundance (genus Christensenellaceae R 7group id.11283) || id:ebi-a-GCST90016978,Gut microbiota abundance (genus Christensenellaceae R 7group id.11283),Gut microbiota abundance (genus Christensenellaceae R 7group id.11283) ||  || ,TRUE,igd,160985526,0.0458,NA,1.43E-06,6,finn-b-I9_ATHSCLE, || id:finn-b-I9_ATHSCLE,TRUE,reported,igd,2,TRUE
rs7002081,G,T,G,T,-0.1205,-0.00830113,0.8056,NA,FALSE,FALSE,FALSE,ebi-a-GCST90016978,8,24297795,0.0159954,14306,0.655089,Gut microbiota abundance (genus Christensenellaceae R 7group id.11283) || id:ebi-a-GCST90016978,Gut microbiota abundance (genus Christensenellaceae R 7group id.11283),Gut microbiota abundance (genus Christensenellaceae R 7group id.11283) ||  || ,TRUE,igd,24297795,0.0244,NA,1.46E-06,8,finn-b-I9_ATHSCLE, || id:finn-b-I9_ATHSCLE,TRUE,reported,igd,2,TRUE
rs117772502,A,G,A,G,-0.2006,0.00605904,0.058,NA,FALSE,FALSE,FALSE,ebi-a-GCST90016978,13,98393867,0.0207039,14306,0.729355,Gut microbiota abundance (genus Christensenellaceae R 7group id.11283) || id:ebi-a-GCST90016978,Gut microbiota abundance (genus Christensenellaceae R 7group id.11283),Gut microbiota abundance (genus Christensenellaceae R 7group id.11283) ||  || ,TRUE,igd,98393867,0.0415,NA,2.31E-06,13,finn-b-I9_ATHSCLE, || id:finn-b-I9_ATHSCLE,TRUE,reported,igd,2,TRUE
rs7872477,G,T,G,T,-0.1074,-0.0246633,0.239,NA,FALSE,FALSE,FALSE,ebi-a-GCST90016978,9,27069285,0.0142016,14306,0.0566604,Gut microbiota abundance (genus Christensenellaceae R 7group id.11283) || id:ebi-a-GCST90016978,Gut microbiota abundance (genus Christensenellaceae R 7group id.11283),Gut microbiota abundance (genus Christensenellaceae R 7group id.11283) ||  || ,TRUE,igd,27069285,0.0225,NA,2.91E-06,9,finn-b-I9_ATHSCLE, || id:finn-b-I9_ATHSCLE,TRUE,reported,igd,2,TRUE
rs28601761,G,C,G,C,-0.0917,-0.00237447,0.4123,NA,FALSE,TRUE,TRUE,ebi-a-GCST90016978,8,126500031,0.0113043,14306,0.861521,Gut microbiota abundance (genus Christensenellaceae R 7group id.11283) || id:ebi-a-GCST90016978,Gut microbiota abundance (genus Christensenellaceae R 7group id.11283),Gut microbiota abundance (genus Christensenellaceae R 7group id.11283) ||  || ,TRUE,igd,126500031,0.0195,NA,3.49E-06,8,finn-b-I9_ATHSCLE, || id:finn-b-I9_ATHSCLE,TRUE,reported,igd,2,FALSE
rs7198696,A,G,A,G,-0.0935,0.00571094,0.3388,NA,FALSE,FALSE,FALSE,ebi-a-GCST90016978,16,81541175,0.0115461,14306,0.615294,Gut microbiota abundance (genus Christensenellaceae R 7group id.11283) || id:ebi-a-GCST90016978,Gut microbiota abundance (genus Christensenellaceae R 7group id.11283),Gut microbiota abundance (genus Christensenellaceae R 7group id.11283) ||  || ,TRUE,igd,81541175,0.0202,NA,4.30E-06,16,finn-b-I9_ATHSCLE, || id:finn-b-I9_ATHSCLE,TRUE,reported,igd,2,TRUE
rs1012570,T,C,T,C,-0.1141,-0.0264107,0.8182,NA,FALSE,FALSE,FALSE,ebi-a-GCST90016978,2,59691884,0.0163552,14306,0.128536,Gut microbiota abundance (genus Christensenellaceae R 7group id.11283) || id:ebi-a-GCST90016978,Gut microbiota abundance (genus Christensenellaceae R 7group id.11283),Gut microbiota abundance (genus Christensenellaceae R 7group id.11283) ||  || ,TRUE,igd,59691884,0.0248,NA,4.30E-06,2,finn-b-I9_ATHSCLE, || id:finn-b-I9_ATHSCLE,TRUE,reported,igd,2,TRUE
rs11699116,G,A,G,A,-0.1636,0.0262677,0.0805,NA,FALSE,FALSE,FALSE,ebi-a-GCST90016978,20,23736452,0.0221371,14306,0.249822,Gut microbiota abundance (genus Christensenellaceae R 7group id.11283) || id:ebi-a-GCST90016978,Gut microbiota abundance (genus Christensenellaceae R 7group id.11283),Gut microbiota abundance (genus Christensenellaceae R 7group id.11283) ||  || ,TRUE,igd,23736452,0.0355,NA,4.30E-06,20,finn-b-I9_ATHSCLE, || id:finn-b-I9_ATHSCLE,TRUE,reported,igd,2,TRUE
rs12543983,T,A,T,A,-0.1287,0.00182578,0.1377,NA,FALSE,TRUE,TRUE,ebi-a-GCST90016978,8,131477594,0.0151671,14306,0.901386,Gut microbiota abundance (genus Christensenellaceae R 7group id.11283) || id:ebi-a-GCST90016978,Gut microbiota abundance (genus Christensenellaceae R 7group id.11283),Gut microbiota abundance (genus Christensenellaceae R 7group id.11283) ||  || ,TRUE,igd,131477594,0.028,NA,4.30E-06,8,finn-b-I9_ATHSCLE, || id:finn-b-I9_ATHSCLE,TRUE,reported,igd,2,FALSE
rs7197029,C,T,C,T,-0.1002,-0.00163548,0.2711,NA,FALSE,FALSE,FALSE,ebi-a-GCST90016978,16,88510294,0.0116969,14306,0.886065,Gut microbiota abundance (genus Christensenellaceae R 7group id.11283) || id:ebi-a-GCST90016978,Gut microbiota abundance (genus Christensenellaceae R 7group id.11283),Gut microbiota abundance (genus Christensenellaceae R 7group id.11283) ||  || ,TRUE,igd,88510294,0.0218,NA,4.30E-06,16,finn-b-I9_ATHSCLE, || id:finn-b-I9_ATHSCLE,TRUE,reported,igd,2,TRUE
rs9632884,C,G,C,G,0.1542,0.0204548,0.4352,NA,FALSE,TRUE,TRUE,ebi-a-GCST90017055,9,22072301,0.0146568,14306,0.151944,Gut microbiota abundance (genus Ruminococcaceae UCG004 id.11362) || id:ebi-a-GCST90017055,Gut microbiota abundance (genus Ruminococcaceae UCG004 id.11362),Gut microbiota abundance (genus Ruminococcaceae UCG004 id.11362) ||  || ,TRUE,igd,22072301,0.0192,NA,1.89E-14,9,finn-b-I9_ATHSCLE, || id:finn-b-I9_ATHSCLE,TRUE,reported,igd,2,FALSE
rs1980496,T,C,T,C,0.1266,-0.0117341,0.2972,NA,FALSE,FALSE,FALSE,ebi-a-GCST90017055,6,32340070,0.0154174,14306,0.498933,Gut microbiota abundance (genus Ruminococcaceae UCG004 id.11362) || id:ebi-a-GCST90017055,Gut microbiota abundance (genus Ruminococcaceae UCG004 id.11362),Gut microbiota abundance (genus Ruminococcaceae UCG004 id.11362) ||  || ,TRUE,igd,32340070,0.022,NA,7.81E-08,6,finn-b-I9_ATHSCLE, || id:finn-b-I9_ATHSCLE,TRUE,reported,igd,2,TRUE
rs2596546,G,A,G,A,0.1133,-0.0373503,0.349,NA,FALSE,FALSE,FALSE,ebi-a-GCST90017055,6,31329386,0.0155307,14306,0.0173273,Gut microbiota abundance (genus Ruminococcaceae UCG004 id.11362) || id:ebi-a-GCST90017055,Gut microbiota abundance (genus Ruminococcaceae UCG004 id.11362),Gut microbiota abundance (genus Ruminococcaceae UCG004 id.11362) ||  || ,TRUE,igd,31329386,0.0209,NA,3.14E-07,6,finn-b-I9_ATHSCLE, || id:finn-b-I9_ATHSCLE,TRUE,reported,igd,2,TRUE
rs146009840,T,A,T,A,0.1093,0.0170447,0.3316,NA,FALSE,TRUE,TRUE,ebi-a-GCST90017055,15,78906177,0.0156851,14306,0.349472,Gut microbiota abundance (genus Ruminococcaceae UCG004 id.11362) || id:ebi-a-GCST90017055,Gut microbiota abundance (genus Ruminococcaceae UCG004 id.11362),Gut microbiota abundance (genus Ruminococcaceae UCG004 id.11362) ||  || ,TRUE,igd,78906177,0.0204,NA,3.41E-07,15,finn-b-I9_ATHSCLE, || id:finn-b-I9_ATHSCLE,TRUE,reported,igd,2,FALSE
rs2107595,A,G,A,G,0.1242,0.00654009,0.1942,NA,FALSE,FALSE,FALSE,ebi-a-GCST90017055,7,19049388,0.0192666,14306,0.839584,Gut microbiota abundance (genus Ruminococcaceae UCG004 id.11362) || id:ebi-a-GCST90017055,Gut microbiota abundance (genus Ruminococcaceae UCG004 id.11362),Gut microbiota abundance (genus Ruminococcaceae UCG004 id.11362) ||  || ,TRUE,igd,19049388,0.0241,NA,9.04E-07,7,finn-b-I9_ATHSCLE, || id:finn-b-I9_ATHSCLE,TRUE,reported,igd,2,TRUE
rs3752075,C,T,C,T,0.1,-0.00919179,0.3887,NA,FALSE,FALSE,FALSE,ebi-a-GCST90017055,18,74637067,0.0149412,14306,0.535179,Gut microbiota abundance (genus Ruminococcaceae UCG004 id.11362) || id:ebi-a-GCST90017055,Gut microbiota abundance (genus Ruminococcaceae UCG004 id.11362),Gut microbiota abundance (genus Ruminococcaceae UCG004 id.11362) ||  || ,TRUE,igd,74637067,0.0197,NA,1.09E-06,18,finn-b-I9_ATHSCLE, || id:finn-b-I9_ATHSCLE,TRUE,reported,igd,2,TRUE
rs13179238,A,G,A,G,0.1425,-0.00666522,0.1359,NA,FALSE,FALSE,FALSE,ebi-a-GCST90017055,5,159136348,0.0261525,14306,0.839973,Gut microbiota abundance (genus Ruminococcaceae UCG004 id.11362) || id:ebi-a-GCST90017055,Gut microbiota abundance (genus Ruminococcaceae UCG004 id.11362),Gut microbiota abundance (genus Ruminococcaceae UCG004 id.11362) ||  || ,TRUE,igd,159136348,0.0286,NA,1.43E-06,5,finn-b-I9_ATHSCLE, || id:finn-b-I9_ATHSCLE,TRUE,reported,igd,2,TRUE
rs118039278,A,G,A,G,0.2278,-0.0123332,0.04578,NA,FALSE,FALSE,FALSE,ebi-a-GCST90017055,6,160985526,0.0306819,14306,0.691879,Gut microbiota abundance (genus Ruminococcaceae UCG004 id.11362) || id:ebi-a-GCST90017055,Gut microbiota abundance (genus Ruminococcaceae UCG004 id.11362),Gut microbiota abundance (genus Ruminococcaceae UCG004 id.11362) ||  || ,TRUE,igd,160985526,0.0458,NA,1.43E-06,6,finn-b-I9_ATHSCLE, || id:finn-b-I9_ATHSCLE,TRUE,reported,igd,2,TRUE
rs7002081,G,T,G,T,-0.1205,0.0433329,0.8056,NA,FALSE,FALSE,FALSE,ebi-a-GCST90017055,8,24297795,0.0210075,14306,0.0478851,Gut microbiota abundance (genus Ruminococcaceae UCG004 id.11362) || id:ebi-a-GCST90017055,Gut microbiota abundance (genus Ruminococcaceae UCG004 id.11362),Gut microbiota abundance (genus Ruminococcaceae UCG004 id.11362) ||  || ,TRUE,igd,24297795,0.0244,NA,1.46E-06,8,finn-b-I9_ATHSCLE, || id:finn-b-I9_ATHSCLE,TRUE,reported,igd,2,TRUE
rs117772502,A,G,A,G,-0.2006,-0.0267564,0.058,NA,FALSE,FALSE,FALSE,ebi-a-GCST90017055,13,98393867,0.0264525,14306,0.330128,Gut microbiota abundance (genus Ruminococcaceae UCG004 id.11362) || id:ebi-a-GCST90017055,Gut microbiota abundance (genus Ruminococcaceae UCG004 id.11362),Gut microbiota abundance (genus Ruminococcaceae UCG004 id.11362) ||  || ,TRUE,igd,98393867,0.0415,NA,2.31E-06,13,finn-b-I9_ATHSCLE, || id:finn-b-I9_ATHSCLE,TRUE,reported,igd,2,TRUE
rs7872477,G,T,G,T,-0.1074,-0.00345833,0.239,NA,FALSE,FALSE,FALSE,ebi-a-GCST90017055,9,27069285,0.0187005,14306,0.934031,Gut microbiota abundance (genus Ruminococcaceae UCG004 id.11362) || id:ebi-a-GCST90017055,Gut microbiota abundance (genus Ruminococcaceae UCG004 id.11362),Gut microbiota abundance (genus Ruminococcaceae UCG004 id.11362) ||  || ,TRUE,igd,27069285,0.0225,NA,2.91E-06,9,finn-b-I9_ATHSCLE, || id:finn-b-I9_ATHSCLE,TRUE,reported,igd,2,TRUE
rs28601761,G,C,G,C,-0.0917,-0.0131676,0.4123,NA,FALSE,TRUE,TRUE,ebi-a-GCST90017055,8,126500031,0.0146654,14306,0.368525,Gut microbiota abundance (genus Ruminococcaceae UCG004 id.11362) || id:ebi-a-GCST90017055,Gut microbiota abundance (genus Ruminococcaceae UCG004 id.11362),Gut microbiota abundance (genus Ruminococcaceae UCG004 id.11362) ||  || ,TRUE,igd,126500031,0.0195,NA,3.49E-06,8,finn-b-I9_ATHSCLE, || id:finn-b-I9_ATHSCLE,TRUE,reported,igd,2,FALSE
rs7198696,A,G,A,G,-0.0935,0.00812215,0.3388,NA,FALSE,FALSE,FALSE,ebi-a-GCST90017055,16,81541175,0.0151561,14306,0.607984,Gut microbiota abundance (genus Ruminococcaceae UCG004 id.11362) || id:ebi-a-GCST90017055,Gut microbiota abundance (genus Ruminococcaceae UCG004 id.11362),Gut microbiota abundance (genus Ruminococcaceae UCG004 id.11362) ||  || ,TRUE,igd,81541175,0.0202,NA,4.30E-06,16,finn-b-I9_ATHSCLE, || id:finn-b-I9_ATHSCLE,TRUE,reported,igd,2,TRUE
rs1012570,T,C,T,C,-0.1141,0.0261912,0.8182,NA,FALSE,FALSE,FALSE,ebi-a-GCST90017055,2,59691884,0.0212472,14306,0.240025,Gut microbiota abundance (genus Ruminococcaceae UCG004 id.11362) || id:ebi-a-GCST90017055,Gut microbiota abundance (genus Ruminococcaceae UCG004 id.11362),Gut microbiota abundance (genus Ruminococcaceae UCG004 id.11362) ||  || ,TRUE,igd,59691884,0.0248,NA,4.30E-06,2,finn-b-I9_ATHSCLE, || id:finn-b-I9_ATHSCLE,TRUE,reported,igd,2,TRUE
rs11699116,G,A,G,A,-0.1636,0.0535096,0.0805,NA,FALSE,FALSE,FALSE,ebi-a-GCST90017055,20,23736452,0.0281844,14306,0.0523962,Gut microbiota abundance (genus Ruminococcaceae UCG004 id.11362) || id:ebi-a-GCST90017055,Gut microbiota abundance (genus Ruminococcaceae UCG004 id.11362),Gut microbiota abundance (genus Ruminococcaceae UCG004 id.11362) ||  || ,TRUE,igd,23736452,0.0355,NA,4.30E-06,20,finn-b-I9_ATHSCLE, || id:finn-b-I9_ATHSCLE,TRUE,reported,igd,2,TRUE
rs12543983,T,A,T,A,-0.1287,0.00317824,0.1377,NA,FALSE,TRUE,TRUE,ebi-a-GCST90017055,8,131477594,0.0200811,14306,0.872162,Gut microbiota abundance (genus Ruminococcaceae UCG004 id.11362) || id:ebi-a-GCST90017055,Gut microbiota abundance (genus Ruminococcaceae UCG004 id.11362),Gut microbiota abundance (genus Ruminococcaceae UCG004 id.11362) ||  || ,TRUE,igd,131477594,0.028,NA,4.30E-06,8,finn-b-I9_ATHSCLE, || id:finn-b-I9_ATHSCLE,TRUE,reported,igd,2,FALSE
rs7197029,C,T,C,T,-0.1002,0.0105733,0.2711,NA,FALSE,FALSE,FALSE,ebi-a-GCST90017055,16,88510294,0.0152509,14306,0.552935,Gut microbiota abundance (genus Ruminococcaceae UCG004 id.11362) || id:ebi-a-GCST90017055,Gut microbiota abundance (genus Ruminococcaceae UCG004 id.11362),Gut microbiota abundance (genus Ruminococcaceae UCG004 id.11362) ||  || ,TRUE,igd,88510294,0.0218,NA,4.30E-06,16,finn-b-I9_ATHSCLE, || id:finn-b-I9_ATHSCLE,TRUE,reported,igd,2,TRUE
rs9632884,C,G,C,G,0.1542,-0.00779434,0.4352,NA,FALSE,TRUE,TRUE,ebi-a-GCST90017062,9,22072301,0.0110926,14306,0.45726,Gut microbiota abundance (genus Ruminococcus1 id.11373) || id:ebi-a-GCST90017062,Gut microbiota abundance (genus Ruminococcus1 id.11373),Gut microbiota abundance (genus Ruminococcus1 id.11373) ||  || ,TRUE,igd,22072301,0.0192,NA,1.89E-14,9,finn-b-I9_ATHSCLE, || id:finn-b-I9_ATHSCLE,TRUE,reported,igd,2,FALSE
rs1980496,T,C,T,C,0.1266,0.0147212,0.2972,NA,FALSE,FALSE,FALSE,ebi-a-GCST90017062,6,32340070,0.0116323,14306,0.206568,Gut microbiota abundance (genus Ruminococcus1 id.11373) || id:ebi-a-GCST90017062,Gut microbiota abundance (genus Ruminococcus1 id.11373),Gut microbiota abundance (genus Ruminococcus1 id.11373) ||  || ,TRUE,igd,32340070,0.022,NA,7.81E-08,6,finn-b-I9_ATHSCLE, || id:finn-b-I9_ATHSCLE,TRUE,reported,igd,2,TRUE
rs2596546,G,A,G,A,0.1133,0.0135555,0.349,NA,FALSE,FALSE,FALSE,ebi-a-GCST90017062,6,31329386,0.0117065,14306,0.252468,Gut microbiota abundance (genus Ruminococcus1 id.11373) || id:ebi-a-GCST90017062,Gut microbiota abundance (genus Ruminococcus1 id.11373),Gut microbiota abundance (genus Ruminococcus1 id.11373) ||  || ,TRUE,igd,31329386,0.0209,NA,3.14E-07,6,finn-b-I9_ATHSCLE, || id:finn-b-I9_ATHSCLE,TRUE,reported,igd,2,TRUE
rs146009840,T,A,T,A,0.1093,-0.00419164,0.3316,NA,FALSE,TRUE,TRUE,ebi-a-GCST90017062,15,78906177,0.0119384,14306,0.748073,Gut microbiota abundance (genus Ruminococcus1 id.11373) || id:ebi-a-GCST90017062,Gut microbiota abundance (genus Ruminococcus1 id.11373),Gut microbiota abundance (genus Ruminococcus1 id.11373) ||  || ,TRUE,igd,78906177,0.0204,NA,3.41E-07,15,finn-b-I9_ATHSCLE, || id:finn-b-I9_ATHSCLE,TRUE,reported,igd,2,FALSE
rs2107595,A,G,A,G,0.1242,0.00792425,0.1942,NA,FALSE,FALSE,FALSE,ebi-a-GCST90017062,7,19049388,0.0144485,14306,0.526377,Gut microbiota abundance (genus Ruminococcus1 id.11373) || id:ebi-a-GCST90017062,Gut microbiota abundance (genus Ruminococcus1 id.11373),Gut microbiota abundance (genus Ruminococcus1 id.11373) ||  || ,TRUE,igd,19049388,0.0241,NA,9.04E-07,7,finn-b-I9_ATHSCLE, || id:finn-b-I9_ATHSCLE,TRUE,reported,igd,2,TRUE
rs3752075,C,T,C,T,0.1,0.0041754,0.3887,NA,FALSE,FALSE,FALSE,ebi-a-GCST90017062,18,74637067,0.0113657,14306,0.768477,Gut microbiota abundance (genus Ruminococcus1 id.11373) || id:ebi-a-GCST90017062,Gut microbiota abundance (genus Ruminococcus1 id.11373),Gut microbiota abundance (genus Ruminococcus1 id.11373) ||  || ,TRUE,igd,74637067,0.0197,NA,1.09E-06,18,finn-b-I9_ATHSCLE, || id:finn-b-I9_ATHSCLE,TRUE,reported,igd,2,TRUE
rs13179238,A,G,A,G,0.1425,-0.000772967,0.1359,NA,FALSE,FALSE,FALSE,ebi-a-GCST90017062,5,159136348,0.0205054,14306,0.941839,Gut microbiota abundance (genus Ruminococcus1 id.11373) || id:ebi-a-GCST90017062,Gut microbiota abundance (genus Ruminococcus1 id.11373),Gut microbiota abundance (genus Ruminococcus1 id.11373) ||  || ,TRUE,igd,159136348,0.0286,NA,1.43E-06,5,finn-b-I9_ATHSCLE, || id:finn-b-I9_ATHSCLE,TRUE,reported,igd,2,TRUE
rs118039278,A,G,A,G,0.2278,0.000858047,0.04578,NA,FALSE,FALSE,FALSE,ebi-a-GCST90017062,6,160985526,0.0239564,14306,0.964227,Gut microbiota abundance (genus Ruminococcus1 id.11373) || id:ebi-a-GCST90017062,Gut microbiota abundance (genus Ruminococcus1 id.11373),Gut microbiota abundance (genus Ruminococcus1 id.11373) ||  || ,TRUE,igd,160985526,0.0458,NA,1.43E-06,6,finn-b-I9_ATHSCLE, || id:finn-b-I9_ATHSCLE,TRUE,reported,igd,2,TRUE
rs7002081,G,T,G,T,-0.1205,-0.0214945,0.8056,NA,FALSE,FALSE,FALSE,ebi-a-GCST90017062,8,24297795,0.0158587,14306,0.155706,Gut microbiota abundance (genus Ruminococcus1 id.11373) || id:ebi-a-GCST90017062,Gut microbiota abundance (genus Ruminococcus1 id.11373),Gut microbiota abundance (genus Ruminococcus1 id.11373) ||  || ,TRUE,igd,24297795,0.0244,NA,1.46E-06,8,finn-b-I9_ATHSCLE, || id:finn-b-I9_ATHSCLE,TRUE,reported,igd,2,TRUE
rs117772502,A,G,A,G,-0.2006,-0.0136366,0.058,NA,FALSE,FALSE,FALSE,ebi-a-GCST90017062,13,98393867,0.0206093,14306,0.577281,Gut microbiota abundance (genus Ruminococcus1 id.11373) || id:ebi-a-GCST90017062,Gut microbiota abundance (genus Ruminococcus1 id.11373),Gut microbiota abundance (genus Ruminococcus1 id.11373) ||  || ,TRUE,igd,98393867,0.0415,NA,2.31E-06,13,finn-b-I9_ATHSCLE, || id:finn-b-I9_ATHSCLE,TRUE,reported,igd,2,TRUE
rs7872477,G,T,G,T,-0.1074,-0.0141688,0.239,NA,FALSE,FALSE,FALSE,ebi-a-GCST90017062,9,27069285,0.014052,14306,0.288165,Gut microbiota abundance (genus Ruminococcus1 id.11373) || id:ebi-a-GCST90017062,Gut microbiota abundance (genus Ruminococcus1 id.11373),Gut microbiota abundance (genus Ruminococcus1 id.11373) ||  || ,TRUE,igd,27069285,0.0225,NA,2.91E-06,9,finn-b-I9_ATHSCLE, || id:finn-b-I9_ATHSCLE,TRUE,reported,igd,2,TRUE
rs28601761,G,C,G,C,-0.0917,0.0081999,0.4123,NA,FALSE,TRUE,TRUE,ebi-a-GCST90017062,8,126500031,0.0112014,14306,0.447257,Gut microbiota abundance (genus Ruminococcus1 id.11373) || id:ebi-a-GCST90017062,Gut microbiota abundance (genus Ruminococcus1 id.11373),Gut microbiota abundance (genus Ruminococcus1 id.11373) ||  || ,TRUE,igd,126500031,0.0195,NA,3.49E-06,8,finn-b-I9_ATHSCLE, || id:finn-b-I9_ATHSCLE,TRUE,reported,igd,2,FALSE
rs7198696,A,G,A,G,-0.0935,0.00413164,0.3388,NA,FALSE,FALSE,FALSE,ebi-a-GCST90017062,16,81541175,0.0114513,14306,0.711813,Gut microbiota abundance (genus Ruminococcus1 id.11373) || id:ebi-a-GCST90017062,Gut microbiota abundance (genus Ruminococcus1 id.11373),Gut microbiota abundance (genus Ruminococcus1 id.11373) ||  || ,TRUE,igd,81541175,0.0202,NA,4.30E-06,16,finn-b-I9_ATHSCLE, || id:finn-b-I9_ATHSCLE,TRUE,reported,igd,2,TRUE
rs1012570,T,C,T,C,-0.1141,-0.00569992,0.8182,NA,FALSE,FALSE,FALSE,ebi-a-GCST90017062,2,59691884,0.016288,14306,0.826615,Gut microbiota abundance (genus Ruminococcus1 id.11373) || id:ebi-a-GCST90017062,Gut microbiota abundance (genus Ruminococcus1 id.11373),Gut microbiota abundance (genus Ruminococcus1 id.11373) ||  || ,TRUE,igd,59691884,0.0248,NA,4.30E-06,2,finn-b-I9_ATHSCLE, || id:finn-b-I9_ATHSCLE,TRUE,reported,igd,2,TRUE
rs11699116,G,A,G,A,-0.1636,-0.0370798,0.0805,NA,FALSE,FALSE,FALSE,ebi-a-GCST90017062,20,23736452,0.022048,14306,0.111425,Gut microbiota abundance (genus Ruminococcus1 id.11373) || id:ebi-a-GCST90017062,Gut microbiota abundance (genus Ruminococcus1 id.11373),Gut microbiota abundance (genus Ruminococcus1 id.11373) ||  || ,TRUE,igd,23736452,0.0355,NA,4.30E-06,20,finn-b-I9_ATHSCLE, || id:finn-b-I9_ATHSCLE,TRUE,reported,igd,2,TRUE
rs12543983,T,A,T,A,-0.1287,-0.0198812,0.1377,NA,FALSE,TRUE,TRUE,ebi-a-GCST90017062,8,131477594,0.0150173,14306,0.180306,Gut microbiota abundance (genus Ruminococcus1 id.11373) || id:ebi-a-GCST90017062,Gut microbiota abundance (genus Ruminococcus1 id.11373),Gut microbiota abundance (genus Ruminococcus1 id.11373) ||  || ,TRUE,igd,131477594,0.028,NA,4.30E-06,8,finn-b-I9_ATHSCLE, || id:finn-b-I9_ATHSCLE,TRUE,reported,igd,2,FALSE
rs7197029,C,T,C,T,-0.1002,-0.00493094,0.2711,NA,FALSE,FALSE,FALSE,ebi-a-GCST90017062,16,88510294,0.011644,14306,0.667599,Gut microbiota abundance (genus Ruminococcus1 id.11373) || id:ebi-a-GCST90017062,Gut microbiota abundance (genus Ruminococcus1 id.11373),Gut microbiota abundance (genus Ruminococcus1 id.11373) ||  || ,TRUE,igd,88510294,0.0218,NA,4.30E-06,16,finn-b-I9_ATHSCLE, || id:finn-b-I9_ATHSCLE,TRUE,reported,igd,2,TRUE
rs9632884,C,G,C,G,0.1542,0.0268595,0.4352,NA,FALSE,TRUE,TRUE,ebi-a-GCST90017098,9,22072301,0.0122647,14306,0.027503,Gut microbiota abundance (order Enterobacteriales id.3468) || id:ebi-a-GCST90017098,Gut microbiota abundance (order Enterobacteriales id.3468),Gut microbiota abundance (order Enterobacteriales id.3468) ||  || ,TRUE,igd,22072301,0.0192,NA,1.89E-14,9,finn-b-I9_ATHSCLE, || id:finn-b-I9_ATHSCLE,TRUE,reported,igd,2,FALSE
rs1980496,T,C,T,C,0.1266,0.00408636,0.2972,NA,FALSE,FALSE,FALSE,ebi-a-GCST90017098,6,32340070,0.0129018,14306,0.771212,Gut microbiota abundance (order Enterobacteriales id.3468) || id:ebi-a-GCST90017098,Gut microbiota abundance (order Enterobacteriales id.3468),Gut microbiota abundance (order Enterobacteriales id.3468) ||  || ,TRUE,igd,32340070,0.022,NA,7.81E-08,6,finn-b-I9_ATHSCLE, || id:finn-b-I9_ATHSCLE,TRUE,reported,igd,2,TRUE
rs2596546,G,A,G,A,0.1133,0.017952,0.349,NA,FALSE,FALSE,FALSE,ebi-a-GCST90017098,6,31329386,0.012954,14306,0.182786,Gut microbiota abundance (order Enterobacteriales id.3468) || id:ebi-a-GCST90017098,Gut microbiota abundance (order Enterobacteriales id.3468),Gut microbiota abundance (order Enterobacteriales id.3468) ||  || ,TRUE,igd,31329386,0.0209,NA,3.14E-07,6,finn-b-I9_ATHSCLE, || id:finn-b-I9_ATHSCLE,TRUE,reported,igd,2,TRUE
rs146009840,T,A,T,A,0.1093,0.00687895,0.3316,NA,FALSE,TRUE,TRUE,ebi-a-GCST90017098,15,78906177,0.0132878,14306,0.666503,Gut microbiota abundance (order Enterobacteriales id.3468) || id:ebi-a-GCST90017098,Gut microbiota abundance (order Enterobacteriales id.3468),Gut microbiota abundance (order Enterobacteriales id.3468) ||  || ,TRUE,igd,78906177,0.0204,NA,3.41E-07,15,finn-b-I9_ATHSCLE, || id:finn-b-I9_ATHSCLE,TRUE,reported,igd,2,FALSE
rs2107595,A,G,A,G,0.1242,0.00100358,0.1942,NA,FALSE,FALSE,FALSE,ebi-a-GCST90017098,7,19049388,0.0159487,14306,0.947419,Gut microbiota abundance (order Enterobacteriales id.3468) || id:ebi-a-GCST90017098,Gut microbiota abundance (order Enterobacteriales id.3468),Gut microbiota abundance (order Enterobacteriales id.3468) ||  || ,TRUE,igd,19049388,0.0241,NA,9.04E-07,7,finn-b-I9_ATHSCLE, || id:finn-b-I9_ATHSCLE,TRUE,reported,igd,2,TRUE
rs3752075,C,T,C,T,0.1,-0.0108721,0.3887,NA,FALSE,FALSE,FALSE,ebi-a-GCST90017098,18,74637067,0.0126098,14306,0.340948,Gut microbiota abundance (order Enterobacteriales id.3468) || id:ebi-a-GCST90017098,Gut microbiota abundance (order Enterobacteriales id.3468),Gut microbiota abundance (order Enterobacteriales id.3468) ||  || ,TRUE,igd,74637067,0.0197,NA,1.09E-06,18,finn-b-I9_ATHSCLE, || id:finn-b-I9_ATHSCLE,TRUE,reported,igd,2,TRUE
rs13179238,A,G,A,G,0.1425,0.0107177,0.1359,NA,FALSE,FALSE,FALSE,ebi-a-GCST90017098,5,159136348,0.0224407,14306,0.64886,Gut microbiota abundance (order Enterobacteriales id.3468) || id:ebi-a-GCST90017098,Gut microbiota abundance (order Enterobacteriales id.3468),Gut microbiota abundance (order Enterobacteriales id.3468) ||  || ,TRUE,igd,159136348,0.0286,NA,1.43E-06,5,finn-b-I9_ATHSCLE, || id:finn-b-I9_ATHSCLE,TRUE,reported,igd,2,TRUE
rs118039278,A,G,A,G,0.2278,0.0306519,0.04578,NA,FALSE,FALSE,FALSE,ebi-a-GCST90017098,6,160985526,0.0264723,14306,0.252091,Gut microbiota abundance (order Enterobacteriales id.3468) || id:ebi-a-GCST90017098,Gut microbiota abundance (order Enterobacteriales id.3468),Gut microbiota abundance (order Enterobacteriales id.3468) ||  || ,TRUE,igd,160985526,0.0458,NA,1.43E-06,6,finn-b-I9_ATHSCLE, || id:finn-b-I9_ATHSCLE,TRUE,reported,igd,2,TRUE
rs7002081,G,T,G,T,-0.1205,-0.0200704,0.8056,NA,FALSE,FALSE,FALSE,ebi-a-GCST90017098,8,24297795,0.0173647,14306,0.292074,Gut microbiota abundance (order Enterobacteriales id.3468) || id:ebi-a-GCST90017098,Gut microbiota abundance (order Enterobacteriales id.3468),Gut microbiota abundance (order Enterobacteriales id.3468) ||  || ,TRUE,igd,24297795,0.0244,NA,1.46E-06,8,finn-b-I9_ATHSCLE, || id:finn-b-I9_ATHSCLE,TRUE,reported,igd,2,TRUE
rs117772502,A,G,A,G,-0.2006,-0.0120898,0.058,NA,FALSE,FALSE,FALSE,ebi-a-GCST90017098,13,98393867,0.0225309,14306,0.585159,Gut microbiota abundance (order Enterobacteriales id.3468) || id:ebi-a-GCST90017098,Gut microbiota abundance (order Enterobacteriales id.3468),Gut microbiota abundance (order Enterobacteriales id.3468) ||  || ,TRUE,igd,98393867,0.0415,NA,2.31E-06,13,finn-b-I9_ATHSCLE, || id:finn-b-I9_ATHSCLE,TRUE,reported,igd,2,TRUE
rs7872477,G,T,G,T,-0.1074,-0.0358276,0.239,NA,FALSE,FALSE,FALSE,ebi-a-GCST90017098,9,27069285,0.0154938,14306,0.0234833,Gut microbiota abundance (order Enterobacteriales id.3468) || id:ebi-a-GCST90017098,Gut microbiota abundance (order Enterobacteriales id.3468),Gut microbiota abundance (order Enterobacteriales id.3468) ||  || ,TRUE,igd,27069285,0.0225,NA,2.91E-06,9,finn-b-I9_ATHSCLE, || id:finn-b-I9_ATHSCLE,TRUE,reported,igd,2,TRUE
rs28601761,G,C,G,C,-0.0917,-0.0138919,0.4123,NA,FALSE,TRUE,TRUE,ebi-a-GCST90017098,8,126500031,0.0123835,14306,0.25611,Gut microbiota abundance (order Enterobacteriales id.3468) || id:ebi-a-GCST90017098,Gut microbiota abundance (order Enterobacteriales id.3468),Gut microbiota abundance (order Enterobacteriales id.3468) ||  || ,TRUE,igd,126500031,0.0195,NA,3.49E-06,8,finn-b-I9_ATHSCLE, || id:finn-b-I9_ATHSCLE,TRUE,reported,igd,2,FALSE
rs7198696,A,G,A,G,-0.0935,-0.0136104,0.3388,NA,FALSE,FALSE,FALSE,ebi-a-GCST90017098,16,81541175,0.0126488,14306,0.282489,Gut microbiota abundance (order Enterobacteriales id.3468) || id:ebi-a-GCST90017098,Gut microbiota abundance (order Enterobacteriales id.3468),Gut microbiota abundance (order Enterobacteriales id.3468) ||  || ,TRUE,igd,81541175,0.0202,NA,4.30E-06,16,finn-b-I9_ATHSCLE, || id:finn-b-I9_ATHSCLE,TRUE,reported,igd,2,TRUE
rs1012570,T,C,T,C,-0.1141,0.0107616,0.8182,NA,FALSE,FALSE,FALSE,ebi-a-GCST90017098,2,59691884,0.0181096,14306,0.658532,Gut microbiota abundance (order Enterobacteriales id.3468) || id:ebi-a-GCST90017098,Gut microbiota abundance (order Enterobacteriales id.3468),Gut microbiota abundance (order Enterobacteriales id.3468) ||  || ,TRUE,igd,59691884,0.0248,NA,4.30E-06,2,finn-b-I9_ATHSCLE, || id:finn-b-I9_ATHSCLE,TRUE,reported,igd,2,TRUE
rs11699116,G,A,G,A,-0.1636,-0.00576449,0.0805,NA,FALSE,FALSE,FALSE,ebi-a-GCST90017098,20,23736452,0.0242482,14306,0.826139,Gut microbiota abundance (order Enterobacteriales id.3468) || id:ebi-a-GCST90017098,Gut microbiota abundance (order Enterobacteriales id.3468),Gut microbiota abundance (order Enterobacteriales id.3468) ||  || ,TRUE,igd,23736452,0.0355,NA,4.30E-06,20,finn-b-I9_ATHSCLE, || id:finn-b-I9_ATHSCLE,TRUE,reported,igd,2,TRUE
rs12543983,T,A,T,A,-0.1287,-0.00268318,0.1377,NA,FALSE,TRUE,TRUE,ebi-a-GCST90017098,8,131477594,0.0166638,14306,0.879334,Gut microbiota abundance (order Enterobacteriales id.3468) || id:ebi-a-GCST90017098,Gut microbiota abundance (order Enterobacteriales id.3468),Gut microbiota abundance (order Enterobacteriales id.3468) ||  || ,TRUE,igd,131477594,0.028,NA,4.30E-06,8,finn-b-I9_ATHSCLE, || id:finn-b-I9_ATHSCLE,TRUE,reported,igd,2,FALSE
rs7197029,C,T,C,T,-0.1002,-0.00365322,0.2711,NA,FALSE,FALSE,FALSE,ebi-a-GCST90017098,16,88510294,0.0127575,14306,0.810878,Gut microbiota abundance (order Enterobacteriales id.3468) || id:ebi-a-GCST90017098,Gut microbiota abundance (order Enterobacteriales id.3468),Gut microbiota abundance (order Enterobacteriales id.3468) ||  || ,TRUE,igd,88510294,0.0218,NA,4.30E-06,16,finn-b-I9_ATHSCLE, || id:finn-b-I9_ATHSCLE,TRUE,reported,igd,2,TRUE
